{"drop-702277":{"placed":1708574086,"coords":{"z":29.04514122009277,"x":149.97972106933598,"y":-920.115234375},"model":818790301,"items":[{"close":true,"name":"purple_plushy","metadata":[],"weight":0,"stack":true,"description":"","slot":1,"label":"Purple Plushy","count":1}]},"drop-866182":{"coords":{"z":14.08878803253173,"w":149.74290466308598,"x":-1185.8499755859376,"y":-899.2288208007813},"model":818790301,"placed":1708567729,"items":[{"close":true,"name":"purple_plushy","metadata":[],"weight":0,"stack":true,"description":"","slot":1,"label":"Purple Plushy","count":1}],"dontGround":true},"drop-628670":{"coords":{"z":13.94627475738525,"w":192.3556365966797,"x":-1191.3671875,"y":-895.9374389648438},"model":818790301,"placed":1708567716,"items":[{"close":true,"name":"purple_plushy","metadata":[],"weight":0,"stack":true,"description":"","slot":1,"label":"Purple Plushy","count":1}],"dontGround":true},"drop-175231":{"coords":{"z":14.08878803253173,"w":61.49258041381836,"x":-1187.772705078125,"y":-901.0103149414064},"model":818790301,"placed":1708567739,"items":[{"close":true,"name":"purple_plushy","metadata":[],"weight":0,"stack":true,"description":"","slot":1,"label":"Purple Plushy","count":1}],"dontGround":true},"drop-644231":{"placed":1708576900,"coords":{"z":5.31433725357055,"x":-1047.75830078125,"y":-1266.3646240234376},"model":1199270117,"items":[{"close":false,"name":"WEAPON_TECPISTOL","metadata":{"registered":"Barlos Higgins","durability":100,"ammo":0,"serial":"777585AUQ602715","components":[]},"weight":1500,"stack":false,"slot":1,"label":"Tactical SMG","count":1}]},"drop-355748":{"placed":1708573907,"coords":{"z":29.31899833679199,"x":132.90931701660157,"y":-912.3785400390624},"model":818790301,"items":[{"close":true,"name":"purple_plushy","metadata":[],"weight":0,"stack":true,"description":"","slot":1,"label":"Purple Plushy","count":1}]},"drop-123909":{"coords":{"z":41.38848495483398,"w":256.9139404296875,"x":175.48416137695313,"y":-424.0714416503906},"model":1199270117,"placed":1708527713,"items":[{"close":false,"name":"WEAPON_TECPISTOL","metadata":{"registered":"Barlos Higgins","durability":100,"ammo":0,"serial":"777585AUQ602715","components":[]},"weight":1500,"stack":false,"slot":1,"label":"Tactical SMG","count":1}],"dontGround":true},"drop-887657":{"placed":1708577844,"coords":{"z":4.16734504699707,"x":-1122.118896484375,"y":-1316.6588134765626},"model":-383950123,"items":[{"close":false,"name":"WEAPON_BALL","metadata":{"components":[],"durability":100},"weight":149,"stack":true,"slot":1,"label":"Ball","count":1}]},"drop-170960":{"coords":{"z":36.0745849609375,"w":66.0,"x":-1270.52490234375,"y":-304.5847473144531},"model":818790301,"placed":1708567670,"items":[{"close":true,"name":"purple_plushy","metadata":[],"weight":0,"stack":true,"description":"","slot":1,"label":"Purple Plushy","count":1}],"dontGround":true},"drop-278268":{"placed":1708577864,"coords":{"z":4.36082601547241,"x":-986.24560546875,"y":-1223.124267578125},"model":-383950123,"items":[{"close":false,"name":"WEAPON_BALL","metadata":{"components":[],"durability":100},"weight":149,"stack":true,"slot":1,"label":"Ball","count":1}]},"drop-953137":{"coords":{"z":13.94627475738525,"w":280.0944519042969,"x":-1188.40087890625,"y":-894.2630615234375},"model":818790301,"placed":1708567719,"items":[{"close":true,"name":"purple_plushy","metadata":[],"weight":0,"stack":true,"description":"","slot":1,"label":"Purple Plushy","count":1}],"dontGround":true},"drop-537936":{"placed":1708573885,"coords":{"z":29.16229248046875,"x":137.69607543945313,"y":-928.08251953125},"model":818790301,"items":[{"close":true,"name":"purple_plushy","metadata":[],"weight":0,"stack":true,"description":"","slot":1,"label":"Purple Plushy","count":1}]},"drop-965086":{"placed":1708573534,"coords":{"z":29.17816925048828,"x":144.1202850341797,"y":-924.937744140625},"model":818790301,"items":[{"close":true,"name":"purple_plushy","metadata":[],"weight":0,"stack":true,"description":"","slot":1,"label":"Purple Plushy","count":1}]},"drop-752519":{"placed":1708567803,"coords":{"z":28.36664390563965,"x":152.2198028564453,"y":-1034.9869384765626},"model":-1448063107,"items":[{"close":true,"name":"money","metadata":[],"weight":0,"stack":true,"slot":1,"label":"Money","count":100}]},"drop-525829":{"placed":1708573438,"coords":{"z":28.84309005737304,"x":134.46640014648438,"y":-951.357421875},"model":818790301,"items":[{"close":true,"name":"purple_plushy","metadata":[],"weight":0,"stack":true,"description":"","slot":1,"label":"Purple Plushy","count":1}]},"drop-724552":{"coords":{"z":36.0665283203125,"w":65.30513763427735,"x":-1270.682373046875,"y":-305.5130920410156},"model":818790301,"placed":1708567664,"items":[{"close":true,"name":"purple_plushy","metadata":[],"weight":0,"stack":true,"description":"","slot":1,"label":"Purple Plushy","count":1}],"dontGround":true},"drop-176389":{"coords":{"z":64.5118179321289,"w":331.6519470214844,"x":-1274.576171875,"y":316.1256103515625},"model":818790301,"placed":1708567684,"items":[{"close":true,"name":"purple_plushy","metadata":[],"weight":0,"stack":true,"description":"","slot":1,"label":"Purple Plushy","count":1}],"dontGround":true},"drop-438766":{"coords":{"z":14.08878803253173,"w":137.6484527587891,"x":-1186.1513671875,"y":-900.4207153320313},"model":818790301,"placed":1708567732,"items":[{"close":true,"name":"purple_plushy","metadata":[],"weight":0,"stack":true,"description":"","slot":1,"label":"Purple Plushy","count":1}],"dontGround":true},"drop-329588":{"coords":{"z":5.52315235137939,"w":301.618896484375,"x":-1014.446533203125,"y":-1514.0804443359376},"model":818790301,"placed":1708567641,"items":[{"close":true,"name":"purple_plushy","metadata":[],"weight":0,"stack":true,"description":"","slot":1,"label":"Purple Plushy","count":1}],"dontGround":true},"drop-272705":{"placed":1708574157,"coords":{"z":29.1126480102539,"x":126.12938690185549,"y":-943.518310546875},"model":818790301,"items":[{"close":true,"name":"purple_plushy","metadata":[],"weight":0,"stack":true,"description":"","slot":1,"label":"Purple Plushy","count":1}]},"drop-208274":{"placed":1708574006,"coords":{"z":29.02754211425781,"x":133.49546813964845,"y":-933.49658203125},"model":818790301,"items":[{"close":true,"name":"purple_plushy","metadata":[],"weight":0,"stack":true,"description":"","slot":1,"label":"Purple Plushy","count":1}]},"drop-598807":{"placed":1708573913,"coords":{"z":28.99000167846679,"x":137.109130859375,"y":-930.5601806640624},"model":-1964402432,"items":[{"close":true,"name":"radio","metadata":{"degrade":10080,"durability":1709101796},"weight":1000,"stack":false,"slot":1,"label":"Radio","count":1}]},"drop-131278":{"placed":1708574023,"coords":{"z":29.17642402648925,"x":138.8370361328125,"y":-927.238037109375},"model":818790301,"items":[{"close":true,"name":"purple_plushy","metadata":[],"weight":0,"stack":true,"description":"","slot":1,"label":"Purple Plushy","count":1}]},"drop-389784":{"coords":{"z":14.08878803253173,"w":84.9458999633789,"x":-1186.735107421875,"y":-900.5601196289063},"model":818790301,"placed":1708567736,"items":[{"close":true,"name":"purple_plushy","metadata":[],"weight":0,"stack":true,"description":"","slot":1,"label":"Purple Plushy","count":1}],"dontGround":true},"drop-805202":{"coords":{"z":64.5118179321289,"w":338.7617492675781,"x":-1273.45166015625,"y":315.4512329101563},"model":818790301,"placed":1708567687,"items":[{"close":true,"name":"purple_plushy","metadata":[],"weight":0,"stack":true,"description":"","slot":1,"label":"Purple Plushy","count":1}],"dontGround":true},"drop-974443":{"placed":1708576893,"coords":{"z":5.21557140350341,"x":-1056.8753662109376,"y":-1282.8896484375},"model":1199270117,"items":[{"close":false,"name":"WEAPON_TECPISTOL","metadata":{"registered":"Barlos Higgins","durability":100,"ammo":0,"serial":"777585AUQ602715","components":[]},"weight":1500,"stack":false,"slot":1,"label":"Tactical SMG","count":1}]},"drop-105792":{"coords":{"z":5.52271747589111,